adultcoloringbooks,"Draw Between the Lines",f,t
adventurebeginsnow,"Adventure Begins",f,t
agadir,"Merch Hub",f,t
aliceinwonderland,"Disney's Alice in Wonderland",t,t
andersondesigngroup,"Anderson Design Group",f,t
animalswithstyle,"Stylish Animals",f,t
avengersclassics,"Avengers Classics",f,t
birdsandblooms,"Birds and Blooms",f,t
blackdogartjudy,"Black Dog Art",f,t
blushandbelle,"Blush and Belle",f,t
boutiquey,"Boutique Patterns",f,t
bridgemanimages,"Bridgeman Images",f,t
bridgemanstudio,"Bridgeman Art Studio",f,t
callyourmother,"Mother's Love",f,t
catclubshop,"Cool Cats",f,t
cutestbabyanimals,"Cutest Baby Animals",f,t
cuteoverload,"Too Cute",f,t
danitadelimont,"Danita Delimont Photography",f,t
davidrumsey,"David Rumsey Map Collection",f,t
dccomics,"DC Comics",f,t
disneyprincess,"Disney Princess",f,t
dreamjobs,"Dream Jobs",f,t
drseussshop,"Dr. Seuss",f,t
farlane,"Farlane Design",f,t
farmfriendly,"Friends of the Farm",f,t
flagsoftheglobe,"Flags of the Globe",f,t
foodie,"Foodie Gifts",f,t
fridakahlo,"Frida Kahlo",f,t
friendlypets,"Friendly Pets",f,t
friendstvseries,"Friends TV Series",f,t
gettyimages,"Getty Images",f,t
getinspired,"Inspirational Messages",f,t
grangerarchive,"Granger Historical Picture Archive",f,t
harrypotter,"Harry Potter",f,t
itshappybunny,"Happy Bunny",f,t
iflscience,"I Love Science",f,t
intothewild,"Out in the Wilderness",f,t
jeffleedy,"Jeff Leedy Art",f,t
joyfulbirthdayparty,"Joyful Birthday Party",f,t
lanternpress,"Lantern Press",f,t
latincontent,"Views of Latin America",f,t
lctcreative,"LCT Creative",f,t
leafandlake,"Leaf and Lake",f,t
littlefolkprintables,"Little Folk Printables",f,t
looneytunes,"Looney Tunes",f,t
lordoftherings,"Lord of the Rings",f,t
loveshack,"Valentine's Kisses",f,t
marvel,"Marvel Comics",f,t
massive_design,"Massive Design",f,t
medicalrf,"Medical Images",f,t
mickeyandfriends,"Disney's Mickey and Friends",f,t
mrmenlittlemiss,"Mr. Men and Little Miss",t,t
nationalzoo,"Smithsonian National Zoo",f,t
nightmarebeforexmas,"Tim Burton's Nightmare Before Christmas",t,t
normanrockwell,"Norman Rockwell",f,t
peanuts,"Peanuts",f,t
pixelcascades,"Art on Demand",f,t
readyfortakeoff,"Travel the World",f,t
redwoodandvine,"Redwood and Vine",f,t
religionsworldwide,"Religions of the World",f,t
retrospoofs,"Retro Spoofs",f,t
rickandmorty,"Rick and Morty",f,t
scoobydoo,"Scooby Doo",f,t
seeamerica,"National Parks of America",f,t
selectpartysupplies,"Select Party Supplies",f,t
sesamestreet,"Sesame Street",f,t
special_stationery,"Special Stationery",f,t
starwars,"Star Wars",t,t
stephenking,"Stephen King",f,t
theflintstones,"The Flintstones",f,t
thegrumpycat,"Grumpy Cat",f,t
thepatternplace,"Pattern Magic",f,t
tomandjerry,"Tom and Jerry",f,t
trendzilla,"Trending Tessellations",f,t
usbridges,"Bridges of America",f,t
uscanyons,"Canyons of America",f,t
usdeserts,"Deserts of America",f,t
usfarms,"Farms of America",f,t
usmountains,"Mountains of America",f,t
usyellowstone,"Yellowstone National Park",f,t
usyosemite,"Yosemite National Park",f,t
watercoloring,"Waterpaint",f,t
wildapple,"Wild Apple",f,t
whereswaldo,"Where's Waldo?",t,t